Month,SalesPrice
01/01/2018,62.02855952347454
01/02/2018,62.039263707993086
01/03/2018,62.04996789251163
01/04/2018,62.06067207702654
01/05/2018,62.07137626154508
01/06/2018,62.08208044606363
01/07/2018,62.09278463058217
01/08/2018,62.10348881510072
01/09/2018,62.11419299961926
01/10/2018,62.12489718413781
01/11/2018,62.13560136865635
01/12/2018,62.1463055531749
01/13/2018,62.15700973769344
01/14/2018,62.16771392221199
01/15/2018,62.17841810673053
01/16/2018,62.18912229124908
01/17/2018,62.199826475763984
01/18/2018,62.21053066028253
01/19/2018,62.221234844801074
01/20/2018,62.23193902931962
01/21/2018,62.242643213838164
01/22/2018,62.25334739835671
01/23/2018,62.264051582875254
01/24/2018,62.2747557673938
01/25/2018,62.285459951912344
01/26/2018,62.29616413643089
01/27/2018,62.306868320949434
01/28/2018,62.31757250546798
01/29/2018,62.328276689986524
01/30/2018,62.33898087450143
01/31/2018,62.349685059019976
02/01/2018,62.36038924353852
02/02/2018,62.371093428057065
02/03/2018,62.38179761257561
02/04/2018,62.392501797094155
02/05/2018,62.4032059816127
02/06/2018,62.413910166131245
02/07/2018,62.42461435064979
02/08/2018,62.435318535168335
02/09/2018,62.44602271968688
02/10/2018,62.456726904205425
02/11/2018,62.46743108872033
02/12/2018,62.47813527323888
02/13/2018,62.48883945775742
02/14/2018,62.49954364227597
02/15/2018,62.51024782679451
02/16/2018,62.52095201131306
02/17/2018,62.5316561958316
02/18/2018,62.542360380350146
02/19/2018,62.55306456486869
02/20/2018,62.563768749387236
02/21/2018,62.57447293390578
02/22/2018,62.585177118424326
02/23/2018,62.59588130294287
02/24/2018,62.60658548745778
02/25/2018,62.61728967197632
02/26/2018,62.62799385649487
02/27/2018,62.63869804101341
02/28/2018,62.64940222553196
03/01/2018,62.6601064100505
03/02/2018,62.67081059456905
03/03/2018,62.68151477908759
03/04/2018,62.69221896360614
03/05/2018,62.70292314812468
03/06/2018,62.71362733264323
03/07/2018,62.72433151716177
03/08/2018,62.73503570168032
03/09/2018,62.745739886195224
03/10/2018,62.75644407071377
03/11/2018,62.767148255232314
03/12/2018,62.77785243975086
03/13/2018,62.788556624269404
03/14/2018,62.79926080878795
03/15/2018,62.809964993306494
03/16/2018,62.82066917782504
03/17/2018,62.831373362343584
03/18/2018,62.84207754686213
03/19/2018,62.852781731380674
03/20/2018,62.86348591589922
03/21/2018,62.874190100414125
03/22/2018,62.88489428493267
03/23/2018,62.895598469451215
03/24/2018,62.90630265396976
03/25/2018,62.917006838488305
03/26/2018,62.92771102300685
03/27/2018,62.938415207525395
03/28/2018,62.94911939204394
03/29/2018,62.959823576562485
03/30/2018,62.97052776108103
03/31/2018,62.981231945599575
04/01/2018,62.99193613011812
04/02/2018,63.002640314636665
04/03/2018,63.01334449915157
04/04/2018,63.02404868367012
04/05/2018,63.03475286818866
04/06/2018,63.04545705270721
04/07/2018,63.05616123722575
04/08/2018,63.066865421744296
04/09/2018,63.07756960626284
04/10/2018,63.088273790781386
04/11/2018,63.09897797529993
04/12/2018,63.109682159818476
04/13/2018,63.12038634433702
04/14/2018,63.131090528855566
04/15/2018,63.14179471337411
04/16/2018,63.15249889788902
04/17/2018,63.16320308240756
04/18/2018,63.17390726692611
04/19/2018,63.18461145144465
04/20/2018,63.1953156359632
04/21/2018,63.20601982048174
04/22/2018,63.21672400500029
04/23/2018,63.22742818951883
04/24/2018,63.23813237403738
04/25/2018,63.24883655855592
04/26/2018,63.25954074307447
04/27/2018,63.27024492759301
04/28/2018,63.28094911210792
04/29/2018,63.291653296626464
04/30/2018,63.30235748114501
05/01/2018,63.313061665663554
05/02/2018,63.3237658501821
05/03/2018,63.334470034700644
05/04/2018,63.34517421921919
05/05/2018,63.355878403737734
05/06/2018,63.36658258825628
05/07/2018,63.37728677277482
05/08/2018,63.38799095729337
05/09/2018,63.39869514181191
05/10/2018,63.40939932633046
05/11/2018,63.420103510845365
05/12/2018,63.43080769536391
05/13/2018,63.441511879882455
05/14/2018,63.452216064401
05/15/2018,63.462920248919545
05/16/2018,63.47362443343809
05/17/2018,63.484328617956635
05/18/2018,63.49503280247518
05/19/2018,63.505736986993725
05/20/2018,63.51644117151227
05/21/2018,63.527145356030815
05/22/2018,63.53784954054936
05/23/2018,63.54855372506427
05/24/2018,63.55925790958281
05/25/2018,63.569962094101356
05/26/2018,63.5806662786199
05/27/2018,63.591370463138446
05/28/2018,63.60207464765699
05/29/2018,63.612778832175536
05/30/2018,63.62348301669408
05/31/2018,63.634187201212626
06/01/2018,63.64489138573117
06/02/2018,63.655595570249716
06/03/2018,63.66629975476826
06/04/2018,63.677003939286806
06/05/2018,63.68770812380171
06/06/2018,63.69841230832026
06/07/2018,63.7091164928388
06/08/2018,63.71982067735735
06/09/2018,63.73052486187589
06/10/2018,63.74122904639444
06/11/2018,63.75193323091298
06/12/2018,63.76263741543153
06/13/2018,63.77334159995007
06/14/2018,63.78404578446862
06/15/2018,63.79474996898716
06/16/2018,63.80545415350571
06/17/2018,63.81615833802425
06/18/2018,63.82686252253916
06/19/2018,63.837566707057704
06/20/2018,63.84827089157625
06/21/2018,63.858975076094794
06/22/2018,63.86967926061334
06/23/2018,63.88038344513188
06/24/2018,63.89108762965043
06/25/2018,63.90179181416897
06/26/2018,63.91249599868752
06/27/2018,63.92320018320606
06/28/2018,63.93390436772461
06/29/2018,63.94460855224315
06/30/2018,63.95531273675806
07/01/2018,63.966016921276605
07/02/2018,63.97672110579515
07/03/2018,63.987425290313695
07/04/2018,63.99812947483224
07/05/2018,64.00883365935078
07/06/2018,64.01953784386933
07/07/2018,64.03024202838787
07/08/2018,64.04094621290642
07/09/2018,64.05165039742496
07/10/2018,64.06235458194351
07/11/2018,64.07305876646205
07/12/2018,64.0837629509806
07/13/2018,64.0944671354955
07/14/2018,64.10517132001405
07/15/2018,64.1158755045326
07/16/2018,64.12657968905114
07/17/2018,64.13728387356969
07/18/2018,64.14798805808823
07/19/2018,64.15869224260678
07/20/2018,64.16939642712532
07/21/2018,64.18010061164387
07/22/2018,64.19080479616241
07/23/2018,64.20150898068096
07/24/2018,64.2122131651995
07/25/2018,64.22291734971805
07/26/2018,64.23362153423295
07/27/2018,64.2443257187515
07/28/2018,64.25502990327004
07/29/2018,64.26573408778859
07/30/2018,64.27643827230713
07/31/2018,64.28714245682568
08/01/2018,64.29784664134422
08/02/2018,64.30855082586277
08/03/2018,64.31925501038131
08/04/2018,64.32995919489986
08/05/2018,64.3406633794184
08/06/2018,64.35136756393695
08/07/2018,64.36207174845185
08/08/2018,64.3727759329704
08/09/2018,64.38348011748894
08/10/2018,64.39418430200749
08/11/2018,64.40488848652603
08/12/2018,64.41559267104458
08/13/2018,64.42629685556312
08/14/2018,64.43700104008167
08/15/2018,64.44770522460021
08/16/2018,64.45840940911876
08/17/2018,64.4691135936373
08/18/2018,64.47981777815585
08/19/2018,64.49052196267439
08/20/2018,64.5012261471893
08/21/2018,64.51193033170784
08/22/2018,64.52263451622639
08/23/2018,64.53333870074493
08/24/2018,64.54404288526348
08/25/2018,64.55474706978202
08/26/2018,64.56545125430057
08/27/2018,64.57615543881911
08/28/2018,64.58685962333766
08/29/2018,64.5975638078562
08/30/2018,64.60826799237475
08/31/2018,64.6189721768933
09/01/2018,64.6296763614082
09/02/2018,64.64038054592675
09/03/2018,64.65108473044529
09/04/2018,64.66178891496384
09/05/2018,64.67249309948238
09/06/2018,64.68319728400093
09/07/2018,64.69390146851947
09/08/2018,64.70460565303802
09/09/2018,64.71530983755656
09/10/2018,64.7260140220751
09/11/2018,64.73671820659365
09/12/2018,64.7474223911122
09/13/2018,64.75812657563074
09/14/2018,64.76883076014565
09/15/2018,64.77953494466419
09/16/2018,64.79023912918274
09/17/2018,64.80094331370128
09/18/2018,64.81164749821983
09/19/2018,64.82235168273837
09/20/2018,64.83305586725692
09/21/2018,64.84376005177546
09/22/2018,64.854464236294
09/23/2018,64.86516842081255
09/24/2018,64.8758726053311
09/25/2018,64.88657678984964
09/26/2018,64.89728097436819
09/27/2018,64.9079851588831
09/28/2018,64.91868934340164
09/29/2018,64.92939352792018
09/30/2018,64.94009771243873
10/01/2018,64.95080189695727
10/02/2018,64.96150608147582
10/03/2018,64.97221026599436
10/04/2018,64.98291445051291
10/05/2018,64.99361863503145
10/06/2018,65.00432281955
10/07/2018,65.01502700406854
10/08/2018,65.02573118858709
10/09/2018,65.036435373102
10/10/2018,65.04713955762054
10/11/2018,65.05784374213908
10/12/2018,65.06854792665763
10/13/2018,65.07925211117617
10/14/2018,65.08995629569472
10/15/2018,65.10066048021326
10/16/2018,65.11136466473181
10/17/2018,65.12206884925035
10/18/2018,65.1327730337689
10/19/2018,65.14347721828744
10/20/2018,65.15418140280599
10/21/2018,65.16488558732453
10/22/2018,65.17558977183944
10/23/2018,65.18629395635799
10/24/2018,65.19699814087653
10/25/2018,65.20770232539508
10/26/2018,65.21840650991362
10/27/2018,65.22911069443217
10/28/2018,65.23981487895071
10/29/2018,65.25051906346926
10/30/2018,65.2612232479878
10/31/2018,65.27192743250635
11/01/2018,65.28263161702489
11/02/2018,65.29333580154344
11/03/2018,65.30403998606198
11/04/2018,65.31474417057689
11/05/2018,65.32544835509543
11/06/2018,65.33615253961398
11/07/2018,65.34685672413252
11/08/2018,65.35756090865107
11/09/2018,65.36826509316961
11/10/2018,65.37896927768816
11/11/2018,65.3896734622067
11/12/2018,65.40037764672525
11/13/2018,65.41108183124379
11/14/2018,65.42178601576234
11/15/2018,65.43249020028088
11/16/2018,65.44319438479579
11/17/2018,65.45389856931433
11/18/2018,65.46460275383288
11/19/2018,65.47530693835142
11/20/2018,65.48601112286997
11/21/2018,65.49671530738851
11/22/2018,65.50741949190706
11/23/2018,65.5181236764256
11/24/2018,65.52882786094415
11/25/2018,65.53953204546269
11/26/2018,65.55023622998124
11/27/2018,65.56094041449978
11/28/2018,65.57164459901833
11/29/2018,65.58234878353323
11/30/2018,65.59305296805178
12/01/2018,65.60375715257032
12/02/2018,65.61446133708887
12/03/2018,65.62516552160741
12/04/2018,65.63586970612596
12/05/2018,65.6465738906445
12/06/2018,65.65727807516305
12/07/2018,65.6679822596816
12/08/2018,65.67868644420014
12/09/2018,65.68939062871868
12/10/2018,65.70009481323723
12/11/2018,65.71079899775577
12/12/2018,65.72150318227068
12/13/2018,65.73220736678923
12/14/2018,65.74291155130777
12/15/2018,65.75361573582632
12/16/2018,65.76431992034486
12/17/2018,65.7750241048634
12/18/2018,65.78572828938195
12/19/2018,65.7964324739005
12/20/2018,65.80713665841904
12/21/2018,65.81784084293758
12/22/2018,65.82854502745613
12/23/2018,65.83924921197467
12/24/2018,65.84995339648958
12/25/2018,65.86065758100813
12/26/2018,65.87136176552667
12/27/2018,65.88206595004522
12/28/2018,65.89277013456376
12/29/2018,65.9034743190823
12/30/2018,65.91417850360085
12/31/2018,65.9248826881194
01/01/2019,65.93558687263794
01/02/2019,65.94629105715649
01/03/2019,65.95699524167503
01/04/2019,65.96769942619358
01/05/2019,65.97840361071212
01/06/2019,65.98910779522703
01/07/2019,65.99981197974557
01/08/2019,66.01051616426412
01/09/2019,66.02122034878266
01/10/2019,66.03192453330121
01/11/2019,66.04262871781975
01/12/2019,66.0533329023383
01/13/2019,66.06403708685684
01/14/2019,66.07474127137539
01/15/2019,66.08544545589393
01/16/2019,66.09614964041248
01/17/2019,66.10685382493102
01/18/2019,66.11755800944593
01/19/2019,66.12826219396447
01/20/2019,66.13896637848302
01/21/2019,66.14967056300156
01/22/2019,66.16037474752011
01/23/2019,66.17107893203865
01/24/2019,66.1817831165572
01/25/2019,66.19248730107574
01/26/2019,66.20319148559429
01/27/2019,66.21389567011283
01/28/2019,66.22459985463138
01/29/2019,66.23530403914992
01/30/2019,66.24600822366847
01/31/2019,66.25671240818338
02/01/2019,66.26741659270192
02/02/2019,66.27812077722047
02/03/2019,66.28882496173901
02/04/2019,66.29952914625756
02/05/2019,66.3102333307761
02/06/2019,66.32093751529464
02/07/2019,66.33164169981319
02/08/2019,66.34234588433173
02/09/2019,66.35305006885028
02/10/2019,66.36375425336882
02/11/2019,66.37445843788737
02/12/2019,66.38516262240591
02/13/2019,66.39586680692082
02/14/2019,66.40657099143937
02/15/2019,66.41727517595791
02/16/2019,66.42797936047646
02/17/2019,66.438683544995
02/18/2019,66.44938772951355
02/19/2019,66.46009191403209
02/20/2019,66.47079609855064
02/21/2019,66.48150028306918
02/22/2019,66.49220446758773
02/23/2019,66.50290865210627
02/24/2019,66.51361283662482
02/25/2019,66.52431702113972
02/26/2019,66.53502120565827
02/27/2019,66.54572539017681
02/28/2019,66.55642957469536
03/01/2019,66.5671337592139
03/02/2019,66.57783794373245
03/03/2019,66.58854212825099
03/04/2019,66.59924631276954
03/05/2019,66.60995049728808
03/06/2019,66.62065468180663
03/07/2019,66.63135886632517
03/08/2019,66.64206305084372
03/09/2019,66.65276723536226
03/10/2019,66.66347141987717
03/11/2019,66.67417560439571
03/12/2019,66.68487978891426
03/13/2019,66.6955839734328
03/14/2019,66.70628815795135
03/15/2019,66.7169923424699
03/16/2019,66.72769652698844
03/17/2019,66.73840071150698
03/18/2019,66.74910489602553
03/19/2019,66.75980908054407
03/20/2019,66.77051326506262
03/21/2019,66.78121744958116
03/22/2019,66.79192163409971
03/23/2019,66.80262581861462
03/24/2019,66.81333000313316
03/25/2019,66.8240341876517
03/26/2019,66.83473837217025
03/27/2019,66.8454425566888
03/28/2019,66.85614674120734
03/29/2019,66.86685092572588
03/30/2019,66.87755511024443
03/31/2019,66.88825929476297
04/01/2019,66.89896347928152
04/02/2019,66.90966766380006
04/03/2019,66.92037184831861
04/04/2019,66.93107603283352
04/05/2019,66.94178021735206
04/06/2019,66.9524844018706
04/07/2019,66.96318858638915
04/08/2019,66.9738927709077
04/09/2019,66.98459695542624
04/10/2019,66.99530113994479
04/11/2019,67.00600532446333
04/12/2019,67.01670950898188
04/13/2019,67.02741369350042
04/14/2019,67.03811787801897
04/15/2019,67.04882206253751
04/16/2019,67.05952624705606
04/17/2019,67.07023043157096
04/18/2019,67.08093461608951
04/19/2019,67.09163880060805
04/20/2019,67.1023429851266
04/21/2019,67.11304716964514
04/22/2019,67.12375135416369
04/23/2019,67.13445553868223
04/24/2019,67.14515972320078
04/25/2019,67.15586390771932
04/26/2019,67.16656809223787
04/27/2019,67.17727227675641
04/28/2019,67.18797646127496
04/29/2019,67.1986806457935
04/30/2019,67.20938483030841
05/01/2019,67.22008901482695
05/02/2019,67.2307931993455
05/03/2019,67.24149738386404
05/04/2019,67.25220156838259
05/05/2019,67.26290575290113
05/06/2019,67.27360993741968
05/07/2019,67.28431412193822
05/08/2019,67.29501830645677
05/09/2019,67.30572249097531
05/10/2019,67.31642667549386
05/11/2019,67.3271308600124
05/12/2019,67.33783504452731
05/13/2019,67.34853922904585
05/14/2019,67.3592434135644
05/15/2019,67.36994759808294
05/16/2019,67.38065178260149
05/17/2019,67.39135596712003
05/18/2019,67.40206015163858
05/19/2019,67.41276433615712
05/20/2019,67.42346852067567
05/21/2019,67.43417270519421
05/22/2019,67.44487688971276
05/23/2019,67.4555810742313
05/24/2019,67.46628525874985
05/25/2019,67.47698944326476
05/26/2019,67.4876936277833
05/27/2019,67.49839781230185
05/28/2019,67.50910199682039
05/29/2019,67.51980618133894
05/30/2019,67.53051036585748
05/31/2019,67.54121455037603
06/01/2019,67.55191873489457
06/02/2019,67.56262291941312
06/03/2019,67.57332710393166
06/04/2019,67.5840312884502
06/05/2019,67.59473547296875
06/06/2019,67.60543965748366
06/07/2019,67.6161438420022
06/08/2019,67.62684802652075
06/09/2019,67.63755221103929
06/10/2019,67.64825639555784
06/11/2019,67.65896058007638
06/12/2019,67.66966476459493
06/13/2019,67.68036894911347
06/14/2019,67.69107313363202
06/15/2019,67.70177731815056
06/16/2019,67.7124815026691
06/17/2019,67.72318568718765
06/18/2019,67.7338898717062
06/19/2019,67.7445940562211
06/20/2019,67.75529824073965
06/21/2019,67.7660024252582
06/22/2019,67.77670660977674
06/23/2019,67.78741079429528
06/24/2019,67.79811497881383
06/25/2019,67.80881916333237
06/26/2019,67.81952334785092
06/27/2019,67.83022753236946
06/28/2019,67.84093171688801
06/29/2019,67.85163590140655
06/30/2019,67.8623400859251
07/01/2019,67.87304427044364
07/02/2019,67.88374845495855
07/03/2019,67.8944526394771
07/04/2019,67.90515682399564
07/05/2019,67.91586100851418
07/06/2019,67.92656519303273
07/07/2019,67.93726937755127
07/08/2019,67.94797356206982
07/09/2019,67.95867774658836
07/10/2019,67.96938193110691
07/11/2019,67.98008611562545
07/12/2019,67.990790300144
07/13/2019,68.00149448466254
07/14/2019,68.01219866917745
07/15/2019,68.022902853696
07/16/2019,68.03360703821454
07/17/2019,68.04431122273309
07/18/2019,68.05501540725163
07/19/2019,68.06571959177018
07/20/2019,68.07642377628872
07/21/2019,68.08712796080727
07/22/2019,68.09783214532581
07/23/2019,68.10853632984436
07/24/2019,68.1192405143629
07/25/2019,68.12994469888145
07/26/2019,68.14064888339999
07/27/2019,68.1513530679149
07/28/2019,68.16205725243344
07/29/2019,68.17276143695199
07/30/2019,68.18346562147053
07/31/2019,68.19416980598908
08/01/2019,68.20487399050762
08/02/2019,68.21557817502617
08/03/2019,68.22628235954471
08/04/2019,68.23698654406326
08/05/2019,68.2476907285818
08/06/2019,68.25839491310035
08/07/2019,68.26909909761889
08/08/2019,68.27980328213744
08/09/2019,68.29050746665234
08/10/2019,68.30121165117089
08/11/2019,68.31191583568943
08/12/2019,68.32262002020798
08/13/2019,68.33332420472652
08/14/2019,68.34402838924507
08/15/2019,68.35473257376361
08/16/2019,68.36543675828216
08/17/2019,68.3761409428007
08/18/2019,68.38684512731925
08/19/2019,68.39754931183779
08/20/2019,68.40825349635634
08/21/2019,68.41895768087124
08/22/2019,68.42966186538979
08/23/2019,68.44036604990833
08/24/2019,68.45107023442688
08/25/2019,68.46177441894542
08/26/2019,68.47247860346397
08/27/2019,68.48318278798251
08/28/2019,68.49388697250106
08/29/2019,68.5045911570196
08/30/2019,68.51529534153815
08/31/2019,68.5259995260567
09/01/2019,68.53670371057524
09/02/2019,68.54740789509378
09/03/2019,68.55811207960869
09/04/2019,68.56881626412724
09/05/2019,68.57952044864578
09/06/2019,68.59022463316433
09/07/2019,68.60092881768287
09/08/2019,68.61163300220142
09/09/2019,68.62233718671996
09/10/2019,68.6330413712385
09/11/2019,68.64374555575705
09/12/2019,68.6544497402756
09/13/2019,68.66515392479414
09/14/2019,68.67585810931268
09/15/2019,68.68656229382759
09/16/2019,68.69726647834614
09/17/2019,68.70797066286468
09/18/2019,68.71867484738323
09/19/2019,68.72937903190177
09/20/2019,68.74008321642032
09/21/2019,68.75078740093886
09/22/2019,68.7614915854574
09/23/2019,68.77219576997595
09/24/2019,68.7828999544945
09/25/2019,68.79360413901304
09/26/2019,68.80430832353159
09/27/2019,68.81501250805013
09/28/2019,68.82571669256504
09/29/2019,68.83642087708358
09/30/2019,68.84712506160213
10/01/2019,68.85782924612067
10/02/2019,68.86853343063922
10/03/2019,68.87923761515776
10/04/2019,68.88994179967631
10/05/2019,68.90064598419485
10/06/2019,68.9113501687134
10/07/2019,68.92205435323194
10/08/2019,68.93275853775049
10/09/2019,68.94346272226903
10/10/2019,68.95416690678758
10/11/2019,68.96487109130248
10/12/2019,68.97557527582103
10/13/2019,68.98627946033957
10/14/2019,68.99698364485812
10/15/2019,69.00768782937666
10/16/2019,69.01839201389521
10/17/2019,69.02909619841375
10/18/2019,69.0398003829323
10/19/2019,69.05050456745084
10/20/2019,69.06120875196939
10/21/2019,69.07191293648793
10/22/2019,69.08261712100648
10/23/2019,69.09332130552139
10/24/2019,69.10402549003993
10/25/2019,69.11472967455848
10/26/2019,69.12543385907702
10/27/2019,69.13613804359557
10/28/2019,69.14684222811411
10/29/2019,69.15754641263266
10/30/2019,69.1682505971512
10/31/2019,69.17895478166974
11/01/2019,69.18965896618829
11/02/2019,69.20036315070683
11/03/2019,69.21106733522538
11/04/2019,69.22177151974392
11/05/2019,69.23247570425883
11/06/2019,69.24317988877738
11/07/2019,69.25388407329592
11/08/2019,69.26458825781447
11/09/2019,69.27529244233301
11/10/2019,69.28599662685156
11/11/2019,69.2967008113701
11/12/2019,69.30740499588865
11/13/2019,69.31810918040719
11/14/2019,69.32881336492574
11/15/2019,69.33951754944428
11/16/2019,69.35022173396283
11/17/2019,69.36092591848137
11/18/2019,69.37163010299628
11/19/2019,69.38233428751482
11/20/2019,69.39303847203337
11/21/2019,69.40374265655191
11/22/2019,69.41444684107046
11/23/2019,69.425151025589
11/24/2019,69.43585521010755
11/25/2019,69.44655939462609
11/26/2019,69.45726357914464
11/27/2019,69.46796776366318
11/28/2019,69.47867194818173
11/29/2019,69.48937613270027
11/30/2019,69.50008031721518
12/01/2019,69.51078450173372
12/02/2019,69.52148868625227
12/03/2019,69.53219287077081
12/04/2019,69.54289705528936
12/05/2019,69.5536012398079
12/06/2019,69.56430542432645
12/07/2019,69.575009608845
12/08/2019,69.58571379336354
12/09/2019,69.59641797788208
12/10/2019,69.60712216240063
12/11/2019,69.61782634691917
12/12/2019,69.62853053143772
12/13/2019,69.63923471595263
12/14/2019,69.64993890047117
12/15/2019,69.66064308498972
12/16/2019,69.67134726950826
12/17/2019,69.6820514540268
12/18/2019,69.69275563854535
12/19/2019,69.7034598230639
12/20/2019,69.71416400758244
12/21/2019,69.72486819210098
12/22/2019,69.73557237661953
12/23/2019,69.74627656113807
12/24/2019,69.75698074565662
12/25/2019,69.76768493017516
12/26/2019,69.77838911469007
12/27/2019,69.78909329920862
12/28/2019,69.79979748372716
12/29/2019,69.8105016682457
12/30/2019,69.82120585276425
12/31/2019,69.8319100372828
01/01/2020,69.84261422180134
01/02/2020,69.85331840631989
01/03/2020,69.86402259083843
01/04/2020,69.87472677535698
01/05/2020,69.88543095987552
01/06/2020,69.89613514439407
01/07/2020,69.90683932890897
01/08/2020,69.91754351342752
01/09/2020,69.92824769794606
01/10/2020,69.93895188246461
01/11/2020,69.94965606698315
01/12/2020,69.9603602515017
01/13/2020,69.97106443602024
01/14/2020,69.98176862053879
01/15/2020,69.99247280505733
01/16/2020,70.00317698957588
01/17/2020,70.01388117409442
01/18/2020,70.02458535861297
01/19/2020,70.03528954313151
01/20/2020,70.04599372764642
01/21/2020,70.05669791216496
01/22/2020,70.06740209668351
01/23/2020,70.07810628120205
01/24/2020,70.0888104657206
01/25/2020,70.09951465023914
01/26/2020,70.11021883475769
01/27/2020,70.12092301927623
01/28/2020,70.13162720379478
01/29/2020,70.14233138831332
01/30/2020,70.15303557283187
01/31/2020,70.16373975735041
02/01/2020,70.17444394186532
02/02/2020,70.18514812638387
02/03/2020,70.19585231090241
02/04/2020,70.20655649542095
02/05/2020,70.2172606799395
02/06/2020,70.22796486445804
02/07/2020,70.23866904897659
02/08/2020,70.24937323349513
02/09/2020,70.26007741801368
02/10/2020,70.27078160253222
02/11/2020,70.28148578705077
02/12/2020,70.29218997156931
02/13/2020,70.30289415608786
02/14/2020,70.31359834060277
02/15/2020,70.32430252512131
02/16/2020,70.33500670963986
02/17/2020,70.3457108941584
02/18/2020,70.35641507867695
02/19/2020,70.36711926319549
02/20/2020,70.37782344771404
02/21/2020,70.38852763223258
02/22/2020,70.39923181675113
02/23/2020,70.40993600126967
02/24/2020,70.42064018578822
02/25/2020,70.43134437030676
02/26/2020,70.4420485548253
02/27/2020,70.45275273934021
02/28/2020,70.46345692385876
02/29/2020,70.4741611083773
03/01/2020,70.48486529289585
03/02/2020,70.49556947741439
03/03/2020,70.50627366193294
03/04/2020,70.51697784645148
03/05/2020,70.52768203097003
03/06/2020,70.53838621548857
03/07/2020,70.54909040000712
03/08/2020,70.55979458452566
03/09/2020,70.5704987690442
03/10/2020,70.58120295355911
03/11/2020,70.59190713807766
03/12/2020,70.6026113225962
03/13/2020,70.61331550711475
03/14/2020,70.6240196916333
03/15/2020,70.63472387615184
03/16/2020,70.64542806067038
03/17/2020,70.65613224518893
03/18/2020,70.66683642970747
03/19/2020,70.67754061422602
03/20/2020,70.68824479874456
03/21/2020,70.69894898326311
03/22/2020,70.70965316778165
03/23/2020,70.72035735229656
03/24/2020,70.7310615368151
03/25/2020,70.74176572133365
03/26/2020,70.7524699058522
03/27/2020,70.76317409037074
03/28/2020,70.77387827488928
03/29/2020,70.78458245940783
03/30/2020,70.79528664392637
03/31/2020,70.80599082844492
04/01/2020,70.81669501296346
04/02/2020,70.82739919748201
04/03/2020,70.83810338200055
04/04/2020,70.8488075665191
04/05/2020,70.859511751034
04/06/2020,70.87021593555255
04/07/2020,70.8809201200711
04/08/2020,70.89162430458964
04/09/2020,70.90232848910819
04/10/2020,70.91303267362673
04/11/2020,70.92373685814528
04/12/2020,70.93444104266382
04/13/2020,70.94514522718237
04/14/2020,70.95584941170091
04/15/2020,70.96655359621946
04/16/2020,70.977257780738
04/17/2020,70.98796196525291
04/18/2020,70.99866614977145
04/19/2020,71.00937033429
04/20/2020,71.02007451880854
04/21/2020,71.03077870332709
04/22/2020,71.04148288784563
04/23/2020,71.05218707236418
04/24/2020,71.06289125688272
04/25/2020,71.07359544140127
04/26/2020,71.08429962591981
04/27/2020,71.09500381043836
04/28/2020,71.1057079949569
04/29/2020,71.11641217947545
04/30/2020,71.12711636399035
05/01/2020,71.1378205485089
05/02/2020,71.14852473302744
05/03/2020,71.15922891754599
05/04/2020,71.16993310206453
05/05/2020,71.18063728658308
05/06/2020,71.19134147110162
05/07/2020,71.20204565562017
05/08/2020,71.21274984013871
05/09/2020,71.22345402465726
05/10/2020,71.2341582091758
05/11/2020,71.24486239369435
05/12/2020,71.25556657820925
05/13/2020,71.2662707627278
05/14/2020,71.27697494724634
05/15/2020,71.28767913176489
05/16/2020,71.29838331628343
05/17/2020,71.30908750080198
05/18/2020,71.31979168532052
05/19/2020,71.33049586983907
05/20/2020,71.34120005435761
05/21/2020,71.35190423887616
05/22/2020,71.3626084233947
05/23/2020,71.37331260791325
05/24/2020,71.3840167924318
05/25/2020,71.3947209769467
05/26/2020,71.40542516146525
05/27/2020,71.41612934598379
05/28/2020,71.42683353050234
05/29/2020,71.43753771502088
05/30/2020,71.44824189953943
05/31/2020,71.45894608405797
06/01/2020,71.46965026857652
06/02/2020,71.48035445309506
06/03/2020,71.4910586376136
06/04/2020,71.50176282213215
06/05/2020,71.5124670066507
06/06/2020,71.52317119116924
06/07/2020,71.53387537568415
06/08/2020,71.54457956020269
06/09/2020,71.55528374472124
06/10/2020,71.56598792923978
06/11/2020,71.57669211375833
06/12/2020,71.58739629827687
06/13/2020,71.59810048279542
06/14/2020,71.60880466731396
06/15/2020,71.6195088518325
06/16/2020,71.63021303635105
06/17/2020,71.6409172208696
06/18/2020,71.65162140538814
06/19/2020,71.66232558990305
06/20/2020,71.6730297744216
06/21/2020,71.68373395894014
06/22/2020,71.69443814345868
06/23/2020,71.70514232797723
06/24/2020,71.71584651249577
06/25/2020,71.72655069701432
06/26/2020,71.73725488153286
06/27/2020,71.74795906605141
06/28/2020,71.75866325056995
06/29/2020,71.7693674350885
06/30/2020,71.78007161960704
07/01/2020,71.79077580412559
07/02/2020,71.8014799886405
07/03/2020,71.81218417315904
07/04/2020,71.82288835767758
07/05/2020,71.83359254219613
07/06/2020,71.84429672671467
07/07/2020,71.85500091123322
07/08/2020,71.86570509575176
07/09/2020,71.87640928027031
07/10/2020,71.88711346478885
07/11/2020,71.8978176493074
07/12/2020,71.90852183382594
07/13/2020,71.91922601834449
07/14/2020,71.92993020286303
07/15/2020,71.94063438737794
07/16/2020,71.95133857189649
07/17/2020,71.96204275641503
07/18/2020,71.97274694093358
07/19/2020,71.98345112545212
07/20/2020,71.99415530997067
07/21/2020,72.00485949448921
07/22/2020,72.01556367900776
07/23/2020,72.0262678635263
07/24/2020,72.03697204804484
07/25/2020,72.04767623256339
07/26/2020,72.05838041708193
07/27/2020,72.06908460159684
07/28/2020,72.07978878611539
07/29/2020,72.09049297063393
07/30/2020,72.10119715515248
07/31/2020,72.11190133967102
08/01/2020,72.12260552418957
08/02/2020,72.13330970870811
08/03/2020,72.14401389322666
08/04/2020,72.1547180777452
08/05/2020,72.16542226226375
08/06/2020,72.17612644678229
08/07/2020,72.18683063130084
08/08/2020,72.19753481581938
08/09/2020,72.20823900033429
08/10/2020,72.21894318485283
08/11/2020,72.22964736937138
08/12/2020,72.24035155388992
08/13/2020,72.25105573840847
08/14/2020,72.26175992292701
08/15/2020,72.27246410744556
08/16/2020,72.2831682919641
08/17/2020,72.29387247648265
08/18/2020,72.30457666100119
08/19/2020,72.31528084551974
08/20/2020,72.32598503003828
08/21/2020,72.33668921455683
08/22/2020,72.34739339907173
08/23/2020,72.35809758359028
08/24/2020,72.36880176810882
08/25/2020,72.37950595262737
08/26/2020,72.39021013714591
08/27/2020,72.40091432166446
08/28/2020,72.411618506183
08/29/2020,72.42232269070155
08/30/2020,72.4330268752201
08/31/2020,72.44373105973864
09/01/2020,72.45443524425718
09/02/2020,72.46513942877573
09/03/2020,72.47584361329064
09/04/2020,72.48654779780918
09/05/2020,72.49725198232773
09/06/2020,72.50795616684627
09/07/2020,72.51866035136482
09/08/2020,72.52936453588336
09/09/2020,72.5400687204019
09/10/2020,72.55077290492045
09/11/2020,72.561477089439
09/12/2020,72.57218127395754
09/13/2020,72.58288545847608
09/14/2020,72.59358964299463
09/15/2020,72.60429382751317
09/16/2020,72.61499801202808
09/17/2020,72.62570219654663
09/18/2020,72.63640638106517
09/19/2020,72.64711056558372
09/20/2020,72.65781475010226
09/21/2020,72.6685189346208
09/22/2020,72.67922311913935
09/23/2020,72.6899273036579
09/24/2020,72.70063148817644
09/25/2020,72.71133567269499
09/26/2020,72.72203985721353
09/27/2020,72.73274404173208
09/28/2020,72.74344822624698
09/29/2020,72.75415241076553
09/30/2020,72.76485659528407
10/01/2020,72.77556077980262
10/02/2020,72.78626496432116
10/03/2020,72.79696914883971
10/04/2020,72.80767333335825
10/05/2020,72.8183775178768
10/06/2020,72.82908170239534
10/07/2020,72.83978588691389
10/08/2020,72.85049007143243
10/09/2020,72.86119425595098
10/10/2020,72.87189844046952
10/11/2020,72.88260262498443
10/12/2020,72.89330680950297
10/13/2020,72.90401099402152
10/14/2020,72.91471517854006
10/15/2020,72.92541936305861
10/16/2020,72.93612354757715
10/17/2020,72.9468277320957
10/18/2020,72.95753191661424
10/19/2020,72.96823610113279
10/20/2020,72.97894028565133
10/21/2020,72.98964447016988
10/22/2020,73.00034865468842
10/23/2020,73.01105283920697
10/24/2020,73.02175702372188
10/25/2020,73.03246120824042
10/26/2020,73.04316539275897
10/27/2020,73.05386957727751
10/28/2020,73.06457376179605
10/29/2020,73.0752779463146
10/30/2020,73.08598213083314
10/31/2020,73.09668631535169
11/01/2020,73.10739049987023
11/02/2020,73.11809468438878
11/03/2020,73.12879886890732
11/04/2020,73.13950305342587
11/05/2020,73.15020723794078
11/06/2020,73.16091142245932
11/07/2020,73.17161560697787
11/08/2020,73.18231979149641
11/09/2020,73.19302397601496
11/10/2020,73.2037281605335
11/11/2020,73.21443234505205
11/12/2020,73.22513652957059
11/13/2020,73.23584071408914
11/14/2020,73.24654489860768
11/15/2020,73.25724908312623
11/16/2020,73.26795326764477
11/17/2020,73.27865745216332
11/18/2020,73.28936163667822
11/19/2020,73.30006582119677
11/20/2020,73.31077000571531
11/21/2020,73.32147419023386
11/22/2020,73.3321783747524
11/23/2020,73.34288255927095
11/24/2020,73.35358674378949
11/25/2020,73.36429092830804
11/26/2020,73.37499511282658
11/27/2020,73.38569929734513
11/28/2020,73.39640348186367
11/29/2020,73.40710766638222
11/30/2020,73.41781185090076
12/01/2020,73.42851603541567
12/02/2020,73.43922021993421
12/03/2020,73.44992440445276
12/04/2020,73.4606285889713
12/05/2020,73.47133277348985
12/06/2020,73.4820369580084
12/07/2020,73.49274114252694
12/08/2020,73.50344532704548
12/09/2020,73.51414951156403
12/10/2020,73.52485369608257
12/11/2020,73.53555788060112
12/12/2020,73.54626206511966
12/13/2020,73.55696624963457
12/14/2020,73.56767043415311
12/15/2020,73.57837461867166
12/16/2020,73.5890788031902
12/17/2020,73.59978298770875
12/18/2020,73.6104871722273
12/19/2020,73.62119135674584
12/20/2020,73.63189554126438
12/21/2020,73.64259972578293
12/22/2020,73.65330391030147
12/23/2020,73.66400809482002
12/24/2020,73.67471227933856
12/25/2020,73.68541646385711
12/26/2020,73.69612064837202
12/27/2020,73.70682483289056
12/28/2020,73.7175290174091
12/29/2020,73.72823320192765
12/30/2020,73.7389373864462
12/31/2020,73.74964157096474
01/01/2021,73.76034575548329
01/02/2021,73.77104994000183
01/03/2021,73.78175412452038
01/04/2021,73.79245830903892
01/05/2021,73.80316249355747
01/06/2021,73.81386667807601
01/07/2021,73.82457086259456
01/08/2021,73.83527504710946
01/09/2021,73.84597923162801
01/10/2021,73.85668341614655
01/11/2021,73.8673876006651
01/12/2021,73.87809178518364
01/13/2021,73.88879596970219
01/14/2021,73.89950015422073
01/15/2021,73.91020433873928
01/16/2021,73.92090852325782
01/17/2021,73.93161270777637
01/18/2021,73.94231689229491
01/19/2021,73.95302107681346
01/20/2021,73.96372526132836
01/21/2021,73.97442944584691
01/22/2021,73.98513363036545
01/23/2021,73.995837814884
01/24/2021,74.00654199940254
01/25/2021,74.01724618392109
01/26/2021,74.02795036843963
01/27/2021,74.03865455295818
01/28/2021,74.04935873747672
01/29/2021,74.06006292199527
01/30/2021,74.07076710651381
01/31/2021,74.08147129103236
02/01/2021,74.0921754755509
02/02/2021,74.10287966006581
02/03/2021,74.11358384458435
02/04/2021,74.1242880291029
02/05/2021,74.13499221362144
02/06/2021,74.14569639813999
02/07/2021,74.15640058265853
02/08/2021,74.16710476717708
02/09/2021,74.17780895169562
02/10/2021,74.18851313621417
02/11/2021,74.19921732073271
02/12/2021,74.20992150525126
02/13/2021,74.2206256897698
02/14/2021,74.23132987428471
02/15/2021,74.24203405880326
02/16/2021,74.2527382433218
02/17/2021,74.26344242784035
02/18/2021,74.27414661235889
02/19/2021,74.28485079687744
02/20/2021,74.29555498139598
02/21/2021,74.30625916591453
02/22/2021,74.31696335043307
02/23/2021,74.32766753495162
02/24/2021,74.33837171947016
02/25/2021,74.3490759039887
02/26/2021,74.35978008850725
02/27/2021,74.37048427302216
02/28/2021,74.3811884575407
03/01/2021,74.39189264205925
03/02/2021,74.40259682657779
03/03/2021,74.41330101109634
03/04/2021,74.42400519561488
03/05/2021,74.43470938013343
03/06/2021,74.44541356465197
03/07/2021,74.45611774917052
03/08/2021,74.46682193368906
03/09/2021,74.4775261182076
03/10/2021,74.48823030272615
03/11/2021,74.4989344872447
03/12/2021,74.5096386717596
03/13/2021,74.52034285627815
03/14/2021,74.5310470407967
03/15/2021,74.54175122531524
03/16/2021,74.55245540983378
03/17/2021,74.56315959435233
03/18/2021,74.57386377887087
03/19/2021,74.58456796338942
03/20/2021,74.59527214790796
03/21/2021,74.60597633242651
03/22/2021,74.61668051694505
03/23/2021,74.6273847014636
03/24/2021,74.6380888859785
03/25/2021,74.64879307049705
03/26/2021,74.6594972550156
03/27/2021,74.67020143953414
03/28/2021,74.68090562405268
03/29/2021,74.69160980857123
03/30/2021,74.70231399308977
03/31/2021,74.71301817760832
04/01/2021,74.72372236212686
04/02/2021,74.73442654664541
04/03/2021,74.74513073116395
04/04/2021,74.7558349156825
04/05/2021,74.76653910020104
04/06/2021,74.77724328471595
04/07/2021,74.7879474692345
04/08/2021,74.79865165375304
04/09/2021,74.80935583827159
04/10/2021,74.82006002279013
04/11/2021,74.83076420730868
04/12/2021,74.84146839182722
04/13/2021,74.85217257634577
04/14/2021,74.86287676086431
04/15/2021,74.87358094538286
04/16/2021,74.8842851299014
04/17/2021,74.89498931441995
04/18/2021,74.90569349893849
04/19/2021,74.9163976834534
04/20/2021,74.92710186797194
04/21/2021,74.93780605249049
04/22/2021,74.94851023700903
04/23/2021,74.95921442152758
04/24/2021,74.96991860604612
04/25/2021,74.98062279056467
04/26/2021,74.99132697508321
04/27/2021,75.00203115960176
04/28/2021,75.0127353441203
04/29/2021,75.02343952863885
04/30/2021,75.03414371315739
05/01/2021,75.0448478976723
05/02/2021,75.05555208219084
05/03/2021,75.06625626670939
05/04/2021,75.07696045122793
05/05/2021,75.08766463574648
05/06/2021,75.09836882026502
05/07/2021,75.10907300478357
05/08/2021,75.11977718930211
05/09/2021,75.13048137382066
05/10/2021,75.1411855583392
05/11/2021,75.15188974285775
05/12/2021,75.16259392737629
05/13/2021,75.17329811189484
05/14/2021,75.18400229640974
05/15/2021,75.19470648092829
05/16/2021,75.20541066544683
05/17/2021,75.21611484996538
05/18/2021,75.22681903448392
05/19/2021,75.23752321900247
05/20/2021,75.24822740352101
05/21/2021,75.25893158803956
05/22/2021,75.2696357725581
05/23/2021,75.28033995707665
05/24/2021,75.2910441415952
05/25/2021,75.30174832611374
05/26/2021,75.31245251062865
05/27/2021,75.32315669514719
05/28/2021,75.33386087966574
05/29/2021,75.34456506418428
05/30/2021,75.35526924870283
05/31/2021,75.36597343322137
06/01/2021,75.37667761773992
06/02/2021,75.38738180225846
06/03/2021,75.398085986777
06/04/2021,75.40879017129555
06/05/2021,75.4194943558141
06/06/2021,75.43019854033264
06/07/2021,75.44090272485118
06/08/2021,75.45160690936609
06/09/2021,75.46231109388464
06/10/2021,75.47301527840318
06/11/2021,75.48371946292173
06/12/2021,75.49442364744027
06/13/2021,75.50512783195882
06/14/2021,75.51583201647736
06/15/2021,75.5265362009959
06/16/2021,75.53724038551445
06/17/2021,75.547944570033
06/18/2021,75.55864875455154
06/19/2021,75.56935293907009
06/20/2021,75.58005712358863
06/21/2021,75.59076130810354
06/22/2021,75.60146549262208
06/23/2021,75.61216967714063
06/24/2021,75.62287386165917
06/25/2021,75.63357804617772
06/26/2021,75.64428223069626
06/27/2021,75.65498641521481
06/28/2021,75.66569059973335
06/29/2021,75.6763947842519
06/30/2021,75.68709896877044
07/01/2021,75.69780315328899
07/02/2021,75.70850733780753
07/03/2021,75.71921152232244
07/04/2021,75.72991570684098
07/05/2021,75.74061989135953
07/06/2021,75.75132407587807
07/07/2021,75.76202826039662
07/08/2021,75.77273244491516
07/09/2021,75.78343662943371
07/10/2021,75.79414081395225
07/11/2021,75.8048449984708
07/12/2021,75.81554918298934
07/13/2021,75.82625336750789
07/14/2021,75.83695755202643
07/15/2021,75.84766173654498
07/16/2021,75.85836592105989
07/17/2021,75.86907010557843
07/18/2021,75.87977429009698
07/19/2021,75.89047847461552
07/20/2021,75.90118265913407
07/21/2021,75.91188684365261
07/22/2021,75.92259102817115
07/23/2021,75.9332952126897
07/24/2021,75.94399939720824
07/25/2021,75.95470358172679
07/26/2021,75.96540776624533
07/27/2021,75.97611195076388
07/28/2021,75.98681613528242
07/29/2021,75.99752031979733
07/30/2021,76.00822450431588
07/31/2021,76.01892868883442
08/01/2021,76.02963287335297
08/02/2021,76.04033705787151
08/03/2021,76.05104124239006
08/04/2021,76.0617454269086
08/05/2021,76.07244961142715
08/06/2021,76.08315379594569
08/07/2021,76.09385798046424
08/08/2021,76.10456216498278
08/09/2021,76.11526634950133
08/10/2021,76.12597053401623
08/11/2021,76.13667471853478
08/12/2021,76.14737890305332
08/13/2021,76.15808308757187
08/14/2021,76.16878727209041
08/15/2021,76.17949145660896
08/16/2021,76.1901956411275
08/17/2021,76.20089982564605
08/18/2021,76.21160401016459
08/19/2021,76.22230819468314
08/20/2021,76.23301237920168
08/21/2021,76.24371656372023
08/22/2021,76.25442074823877
08/23/2021,76.26512493275368
08/24/2021,76.27582911727222
08/25/2021,76.28653330179077
08/26/2021,76.29723748630931
08/27/2021,76.30794167082786
08/28/2021,76.3186458553464
08/29/2021,76.32935003986495
08/30/2021,76.3400542243835
08/31/2021,76.35075840890204
09/01/2021,76.36146259342058
09/02/2021,76.37216677793913
09/03/2021,76.38287096245767
09/04/2021,76.39357514697622
09/05/2021,76.40427933149113
09/06/2021,76.41498351600967
09/07/2021,76.42568770052821
09/08/2021,76.43639188504676
09/09/2021,76.4470960695653
09/10/2021,76.45780025408385
09/11/2021,76.4685044386024
09/12/2021,76.47920862312094
09/13/2021,76.48991280763948
09/14/2021,76.50061699215803
09/15/2021,76.51132117667657
09/16/2021,76.52202536119512
09/17/2021,76.53272954571003
09/18/2021,76.54343373022857
09/19/2021,76.55413791474712
09/20/2021,76.56484209926566
09/21/2021,76.5755462837842
09/22/2021,76.58625046830275
09/23/2021,76.5969546528213
09/24/2021,76.60765883733984
09/25/2021,76.61836302185839
09/26/2021,76.62906720637693
09/27/2021,76.63977139089548
09/28/2021,76.65047557541402
09/29/2021,76.66117975993257
09/30/2021,76.67188394444747
10/01/2021,76.68258812896602
10/02/2021,76.69329231348456
10/03/2021,76.70399649800311
10/04/2021,76.71470068252165
10/05/2021,76.7254048670402
10/06/2021,76.73610905155874
10/07/2021,76.74681323607729
10/08/2021,76.75751742059583
10/09/2021,76.76822160511438
10/10/2021,76.77892578963292
10/11/2021,76.78962997415147
10/12/2021,76.80033415866637
10/13/2021,76.81103834318492
10/14/2021,76.82174252770346
10/15/2021,76.83244671222201
10/16/2021,76.84315089674055
10/17/2021,76.8538550812591
10/18/2021,76.86455926577764
10/19/2021,76.87526345029619
10/20/2021,76.88596763481473
10/21/2021,76.89667181933328
10/22/2021,76.90737600385182
10/23/2021,76.91808018837037
10/24/2021,76.92878437288891
10/25/2021,76.93948855740382
10/26/2021,76.95019274192236
10/27/2021,76.96089692644091
10/28/2021,76.97160111095945
10/29/2021,76.982305295478
10/30/2021,76.99300947999654
10/31/2021,77.00371366451509
11/01/2021,77.01441784903363
11/02/2021,77.02512203355218
11/03/2021,77.03582621807072
11/04/2021,77.04653040258927
11/05/2021,77.05723458710781
11/06/2021,77.06793877162636
11/07/2021,77.07864295614127
11/08/2021,77.08934714065981
11/09/2021,77.10005132517836
11/10/2021,77.1107555096969
11/11/2021,77.12145969421545
11/12/2021,77.13216387873399
11/13/2021,77.14286806325254
11/14/2021,77.15357224777108
11/15/2021,77.16427643228963
11/16/2021,77.17498061680817
11/17/2021,77.18568480132672
11/18/2021,77.19638898584526
11/19/2021,77.20709317036017
11/20/2021,77.21779735487871
11/21/2021,77.22850153939726
11/22/2021,77.2392057239158
11/23/2021,77.24990990843435
11/24/2021,77.26061409295289
11/25/2021,77.27131827747144
11/26/2021,77.28202246198998
11/27/2021,77.29272664650853
11/28/2021,77.30343083102707
11/29/2021,77.31413501554562
11/30/2021,77.32483920006416
12/01/2021,77.3355433845827
12/02/2021,77.34624756909761
12/03/2021,77.35695175361616
12/04/2021,77.3676559381347
12/05/2021,77.37836012265325
12/06/2021,77.3890643071718
12/07/2021,77.39976849169034
12/08/2021,77.41047267620888
12/09/2021,77.42117686072743
12/10/2021,77.43188104524597
12/11/2021,77.44258522976452
12/12/2021,77.45328941428306
12/13/2021,77.46399359880161
12/14/2021,77.47469778332015
12/15/2021,77.48540196783506
12/16/2021,77.4961061523536
12/17/2021,77.50681033687215
12/18/2021,77.5175145213907
12/19/2021,77.52821870590924
12/20/2021,77.53892289042778
12/21/2021,77.54962707494633
12/22/2021,77.56033125946487
12/23/2021,77.57103544398342
12/24/2021,77.58173962850196
12/25/2021,77.59244381302051
12/26/2021,77.60314799753905
12/27/2021,77.61385218205396
12/28/2021,77.6245563665725
12/29/2021,77.63526055109105
12/30/2021,77.6459647356096
12/31/2021,77.65666892012814
01/01/2022,77.66737310464669
01/02/2022,77.67807728916523
01/03/2022,77.68878147368378
01/04/2022,77.69948565820232
01/05/2022,77.71018984272087
01/06/2022,77.72089402723941
01/07/2022,77.73159821175796
01/08/2022,77.7423023962765
01/09/2022,77.7530065807914
01/10/2022,77.76371076530995
01/11/2022,77.7744149498285
01/12/2022,77.78511913434704
01/13/2022,77.79582331886559
01/14/2022,77.80652750338413
01/15/2022,77.81723168790268
01/16/2022,77.82793587242122
01/17/2022,77.83864005693977
01/18/2022,77.84934424145831
01/19/2022,77.86004842597686
01/20/2022,77.8707526104954
01/21/2022,77.88145679501031
01/22/2022,77.89216097952885
01/23/2022,77.9028651640474
01/24/2022,77.91356934856594
01/25/2022,77.92427353308449
01/26/2022,77.93497771760303
01/27/2022,77.94568190212158
01/28/2022,77.95638608664012
01/29/2022,77.96709027115867
01/30/2022,77.97779445567721
01/31/2022,77.98849864019576
02/01/2022,77.9992028247143
02/02/2022,78.00990700923285
02/03/2022,78.02061119374775
02/04/2022,78.0313153782663
02/05/2022,78.04201956278484
02/06/2022,78.05272374730339
02/07/2022,78.06342793182193
02/08/2022,78.07413211634048
02/09/2022,78.08483630085902
02/10/2022,78.09554048537757
02/11/2022,78.10624466989611
02/12/2022,78.11694885441466
02/13/2022,78.1276530389332
02/14/2022,78.13835722345175
02/15/2022,78.1490614079703
02/16/2022,78.1597655924852
02/17/2022,78.17046977700375
02/18/2022,78.18117396152229
02/19/2022,78.19187814604084
02/20/2022,78.20258233055938
02/21/2022,78.21328651507793
02/22/2022,78.22399069959647
02/23/2022,78.23469488411502
02/24/2022,78.24539906863356
02/25/2022,78.2561032531521
02/26/2022,78.26680743767065
02/27/2022,78.2775116221892
02/28/2022,78.2882158067041
03/01/2022,78.29891999122265
03/02/2022,78.30962417574119
03/03/2022,78.32032836025974
03/04/2022,78.33103254477828
03/05/2022,78.34173672929683
03/06/2022,78.35244091381537
03/07/2022,78.36314509833392
03/08/2022,78.37384928285246
03/09/2022,78.384553467371
03/10/2022,78.39525765188955
03/11/2022,78.4059618364081
03/12/2022,78.41666602092664
03/13/2022,78.42737020544155
03/14/2022,78.4380743899601
03/15/2022,78.44877857447864
03/16/2022,78.45948275899718
03/17/2022,78.47018694351573
03/18/2022,78.48089112803427
03/19/2022,78.49159531255282
03/20/2022,78.50229949707136
03/21/2022,78.51300368158991
03/22/2022,78.52370786610845
03/23/2022,78.534412050627
03/24/2022,78.54511623514554
03/25/2022,78.55582041966409
03/26/2022,78.566524604179
03/27/2022,78.57722878869754
03/28/2022,78.58793297321608
03/29/2022,78.59863715773463
03/30/2022,78.60934134225317
03/31/2022,78.62004552677172
04/01/2022,78.63074971129026
04/02/2022,78.64145389580881
04/03/2022,78.65215808032735
04/04/2022,78.6628622648459
04/05/2022,78.67356644936444
04/06/2022,78.68427063388299
04/07/2022,78.6949748183979
04/08/2022,78.70567900291644
04/09/2022,78.71638318743499
04/10/2022,78.72708737195353
04/11/2022,78.73779155647208
04/12/2022,78.74849574099062
04/13/2022,78.75919992550917
04/14/2022,78.76990411002771
04/15/2022,78.78060829454625
04/16/2022,78.7913124790648
04/17/2022,78.80201666358334
04/18/2022,78.81272084810189
04/19/2022,78.82342503262043
04/20/2022,78.83412921713534
04/21/2022,78.84483340165389
04/22/2022,78.85553758617243
04/23/2022,78.86624177069098
04/24/2022,78.87694595520952
04/25/2022,78.88765013972807
04/26/2022,78.89835432424661
04/27/2022,78.90905850876516
04/28/2022,78.9197626932837
04/29/2022,78.93046687780225
04/30/2022,78.94117106232079
05/01/2022,78.95187524683934
05/02/2022,78.96257943135788
05/03/2022,78.97328361587279
05/04/2022,78.98398780039133
05/05/2022,78.99469198490988
05/06/2022,79.00539616942842
05/07/2022,79.01610035394697
05/08/2022,79.02680453846551
05/09/2022,79.03750872298406
05/10/2022,79.0482129075026
05/11/2022,79.05891709202115
05/12/2022,79.06962127653969
05/13/2022,79.08032546105824
05/14/2022,79.09102964557678
05/15/2022,79.10173383009169
05/16/2022,79.11243801461023
05/17/2022,79.12314219912878
05/18/2022,79.13384638364732
05/19/2022,79.14455056816587
05/20/2022,79.15525475268441
05/21/2022,79.16595893720296
05/22/2022,79.1766631217215
05/23/2022,79.18736730624005
05/24/2022,79.1980714907586
05/25/2022,79.20877567527714
05/26/2022,79.21947985979568
05/27/2022,79.23018404431423
05/28/2022,79.24088822882914
05/29/2022,79.25159241334768
05/30/2022,79.26229659786623
05/31/2022,79.27300078238477
06/01/2022,79.28370496690331
06/02/2022,79.29440915142186
06/03/2022,79.3051133359404
06/04/2022,79.31581752045895
06/05/2022,79.3265217049775
06/06/2022,79.33722588949604
06/07/2022,79.34793007401458
06/08/2022,79.35863425853313
06/09/2022,79.36933844304804
06/10/2022,79.38004262756658
06/11/2022,79.39074681208513
06/12/2022,79.40145099660367
06/13/2022,79.41215518112222
06/14/2022,79.42285936564076
06/15/2022,79.4335635501593
06/16/2022,79.44426773467785
06/17/2022,79.4549719191964
06/18/2022,79.46567610371494
06/19/2022,79.47638028823349
06/20/2022,79.48708447275203
06/21/2022,79.49778865727058
06/22/2022,79.50849284178548
06/23/2022,79.51919702630403
06/24/2022,79.52990121082257
06/25/2022,79.54060539534112
06/26/2022,79.55130957985966
06/27/2022,79.56201376437821
06/28/2022,79.57271794889675
06/29/2022,79.5834221334153
06/30/2022,79.59412631793384
07/01/2022,79.60483050245239
07/02/2022,79.61553468697093
07/03/2022,79.62623887148948
07/04/2022,79.63694305600802
07/05/2022,79.64764724052293
07/06/2022,79.65835142504147
07/07/2022,79.66905560956002
07/08/2022,79.67975979407856
07/09/2022,79.69046397859711
07/10/2022,79.70116816311565
07/11/2022,79.7118723476342
07/12/2022,79.72257653215274
07/13/2022,79.73328071667129
07/14/2022,79.74398490118983
07/15/2022,79.75468908570838
07/16/2022,79.76539327022692
07/17/2022,79.77609745474183
07/18/2022,79.78680163926037
07/19/2022,79.79750582377892
07/20/2022,79.80821000829746
07/21/2022,79.81891419281601
07/22/2022,79.82961837733455
07/23/2022,79.8403225618531
07/24/2022,79.85102674637164
07/25/2022,79.86173093089019
07/26/2022,79.87243511540873
07/27/2022,79.88313929992728
07/28/2022,79.89384348444582
07/29/2022,79.90454766896437
07/30/2022,79.91525185347928
07/31/2022,79.92595603799782
08/01/2022,79.93666022251637
08/02/2022,79.94736440703491
08/03/2022,79.95806859155346
08/04/2022,79.968772776072
08/05/2022,79.97947696059055
08/06/2022,79.99018114510909
08/07/2022,80.00088532962764
08/08/2022,80.01158951414618
08/09/2022,80.02229369866473
08/10/2022,80.03299788318327
08/11/2022,80.04370206770182
08/12/2022,80.05440625221672
08/13/2022,80.06511043673527
08/14/2022,80.07581462125381
08/15/2022,80.08651880577236
08/16/2022,80.0972229902909
08/17/2022,80.10792717480945
08/18/2022,80.11863135932799
08/19/2022,80.12933554384654
08/20/2022,80.14003972836508
08/21/2022,80.15074391288363
08/22/2022,80.16144809740217
08/23/2022,80.17215228192072
08/24/2022,80.18285646643562
08/25/2022,80.19356065095417
08/26/2022,80.20426483547271
08/27/2022,80.21496901999126
08/28/2022,80.2256732045098
08/29/2022,80.23637738902835
08/30/2022,80.2470815735469
08/31/2022,80.25778575806544
09/01/2022,80.26848994258398
09/02/2022,80.27919412710253
09/03/2022,80.28989831162107
09/04/2022,80.30060249613962
09/05/2022,80.31130668065816
09/06/2022,80.32201086517307
09/07/2022,80.33271504969161
09/08/2022,80.34341923421016
09/09/2022,80.3541234187287
09/10/2022,80.36482760324725
09/11/2022,80.3755317877658
09/12/2022,80.38623597228434
09/13/2022,80.39694015680288
09/14/2022,80.40764434132143
09/15/2022,80.41834852583997
09/16/2022,80.42905271035852
09/17/2022,80.43975689487706
09/18/2022,80.45046107939561
09/19/2022,80.46116526391052
09/20/2022,80.47186944842906
09/21/2022,80.4825736329476
09/22/2022,80.49327781746615
09/23/2022,80.5039820019847
09/24/2022,80.51468618650324
09/25/2022,80.52539037102179
09/26/2022,80.53609455554033
09/27/2022,80.54679874005888
09/28/2022,80.55750292457742
09/29/2022,80.56820710909597
09/30/2022,80.57891129361451
10/01/2022,80.58961547812942
10/02/2022,80.60031966264796
10/03/2022,80.6110238471665
10/04/2022,80.62172803168505
10/05/2022,80.6324322162036
10/06/2022,80.64313640072214
10/07/2022,80.65384058524069
10/08/2022,80.66454476975923
10/09/2022,80.67524895427778
10/10/2022,80.68595313879632
10/11/2022,80.69665732331487
10/12/2022,80.70736150783341
10/13/2022,80.71806569235196
10/14/2022,80.72876987686686
10/15/2022,80.73947406138541
10/16/2022,80.75017824590395
10/17/2022,80.7608824304225
10/18/2022,80.77158661494104
10/19/2022,80.78229079945959
10/20/2022,80.79299498397813
10/21/2022,80.80369916849668
10/22/2022,80.81440335301522
10/23/2022,80.82510753753377
10/24/2022,80.83581172205231
10/25/2022,80.84651590657086
10/26/2022,80.85722009108576
10/27/2022,80.86792427560431
10/28/2022,80.87862846012285
10/29/2022,80.8893326446414
10/30/2022,80.90003682915994
10/31/2022,80.91074101367849
11/01/2022,80.92144519819703
11/02/2022,80.93214938271558
11/03/2022,80.94285356723412
11/04/2022,80.95355775175267
11/05/2022,80.96426193627121
11/06/2022,80.97496612078976
11/07/2022,80.9856703053083
11/08/2022,80.99637448982321
11/09/2022,81.00707867434176
11/10/2022,81.0177828588603
11/11/2022,81.02848704337885
11/12/2022,81.03919122789739
11/13/2022,81.04989541241594
11/14/2022,81.06059959693448
11/15/2022,81.07130378145303
11/16/2022,81.08200796597157
11/17/2022,81.09271215049012
11/18/2022,81.10341633500866
11/19/2022,81.1141205195272
11/20/2022,81.12482470404575
11/21/2022,81.13552888856066
11/22/2022,81.1462330730792
11/23/2022,81.15693725759775
11/24/2022,81.16764144211629
11/25/2022,81.17834562663484
11/26/2022,81.18904981115338
11/27/2022,81.19975399567193
11/28/2022,81.21045818019047
11/29/2022,81.22116236470902
11/30/2022,81.23186654922756
12/01/2022,81.2425707337461
12/02/2022,81.25327491826465
12/03/2022,81.26397910277956
12/04/2022,81.2746832872981
12/05/2022,81.28538747181665
12/06/2022,81.2960916563352
12/07/2022,81.30679584085374
12/08/2022,81.31750002537228
12/09/2022,81.32820420989083
12/10/2022,81.33890839440937
12/11/2022,81.34961257892792
12/12/2022,81.36031676344646
12/13/2022,81.37102094796501
12/14/2022,81.38172513248355
12/15/2022,81.3924293170021
12/16/2022,81.403133501517
12/17/2022,81.41383768603555
12/18/2022,81.4245418705541
12/19/2022,81.43524605507264
12/20/2022,81.44595023959118
12/21/2022,81.45665442410973
12/22/2022,81.46735860862827
12/23/2022,81.47806279314682
12/24/2022,81.48876697766536
12/25/2022,81.49947116218391
12/26/2022,81.51017534670245
12/27/2022,81.520879531221
12/28/2022,81.53158371573954
12/29/2022,81.54228790025445
12/30/2022,81.552992084773
12/31/2022,81.56369626929154
01/01/2023,81.57440045381009
01/02/2023,81.58510463832863
01/03/2023,81.59580882284718
01/04/2023,81.60651300736572
01/05/2023,81.61721719188427
01/06/2023,81.62792137640281
01/07/2023,81.63862556092135
01/08/2023,81.6493297454399
01/09/2023,81.66003392995844
01/10/2023,81.67073811447335
01/11/2023,81.6814422989919
01/12/2023,81.69214648351044
01/13/2023,81.70285066802899
01/14/2023,81.71355485254753
01/15/2023,81.72425903706608
01/16/2023,81.73496322158462
01/17/2023,81.74566740610317
01/18/2023,81.75637159062171
01/19/2023,81.76707577514026
01/20/2023,81.7777799596588
01/21/2023,81.78848414417735
01/22/2023,81.79918832869589
01/23/2023,81.8098925132108
01/24/2023,81.82059669772934
01/25/2023,81.83130088224789
01/26/2023,81.84200506676643
01/27/2023,81.85270925128498
01/28/2023,81.86341343580352
01/29/2023,81.87411762032207
01/30/2023,81.88482180484061
01/31/2023,81.89552598935916
02/01/2023,81.9062301738777
02/02/2023,81.91693435839625
02/03/2023,81.92763854291479
02/04/2023,81.9383427274297
02/05/2023,81.94904691194824
02/06/2023,81.95975109646679
02/07/2023,81.97045528098533
02/08/2023,81.98115946550388
02/09/2023,81.99186365002242
02/10/2023,82.00256783454097
02/11/2023,82.01327201905951
02/12/2023,82.02397620357806
02/13/2023,82.0346803880966
02/14/2023,82.04538457261515
02/15/2023,82.0560887571337
02/16/2023,82.06679294165224
02/17/2023,82.07749712616715
02/18/2023,82.08820131068569
02/19/2023,82.09890549520424
02/20/2023,82.10960967972278
02/21/2023,82.12031386424133
02/22/2023,82.13101804875987
02/23/2023,82.14172223327841
02/24/2023,82.15242641779696
02/25/2023,82.1631306023155
02/26/2023,82.17383478683405
02/27/2023,82.1845389713526
02/28/2023,82.19524315587114
03/01/2023,82.20594734038968
03/02/2023,82.21665152490459
03/03/2023,82.22735570942314
03/04/2023,82.23805989394168
03/05/2023,82.24876407846023
03/06/2023,82.25946826297877
03/07/2023,82.27017244749732
03/08/2023,82.28087663201586
03/09/2023,82.2915808165344
03/10/2023,82.30228500105295
03/11/2023,82.3129891855715
03/12/2023,82.32369337009004
03/13/2023,82.33439755460859
03/14/2023,82.34510173912349
03/15/2023,82.35580592364204
03/16/2023,82.36651010816058
03/17/2023,82.37721429267913
03/18/2023,82.38791847719767
03/19/2023,82.39862266171622
03/20/2023,82.40932684623476
03/21/2023,82.42003103075331
03/22/2023,82.43073521527185
03/23/2023,82.4414393997904
03/24/2023,82.45214358430894
03/25/2023,82.46284776882749
03/26/2023,82.47355195334603
03/27/2023,82.48425613786094
03/28/2023,82.49496032237948
03/29/2023,82.50566450689803
03/30/2023,82.51636869141657
03/31/2023,82.52707287593512
04/01/2023,82.53777706045366
04/02/2023,82.54848124497221
04/03/2023,82.55918542949075
04/04/2023,82.5698896140093
04/05/2023,82.58059379852784
04/06/2023,82.59129798304639
04/07/2023,82.60200216756493
04/08/2023,82.61270635208348
04/09/2023,82.62341053659839
04/10/2023,82.63411472111693
04/11/2023,82.64481890563547
04/12/2023,82.65552309015402
04/13/2023,82.66622727467256
04/14/2023,82.67693145919111
04/15/2023,82.68763564370965
04/16/2023,82.6983398282282
04/17/2023,82.70904401274674
04/18/2023,82.71974819726529
04/19/2023,82.73045238178383
04/20/2023,82.74115656630238
04/21/2023,82.75186075081729
04/22/2023,82.76256493533583
04/23/2023,82.77326911985438
04/24/2023,82.78397330437292
04/25/2023,82.79467748889147
04/26/2023,82.80538167341001
04/27/2023,82.81608585792856
04/28/2023,82.8267900424471
04/29/2023,82.83749422696565
04/30/2023,82.84819841148419
05/01/2023,82.85890259600274
05/02/2023,82.86960678052128
05/03/2023,82.88031096503983
05/04/2023,82.89101514955473
05/05/2023,82.90171933407328
05/06/2023,82.91242351859182
05/07/2023,82.92312770311037
05/08/2023,82.93383188762891
05/09/2023,82.94453607214746
05/10/2023,82.955240256666
05/11/2023,82.96594444118455
05/12/2023,82.97664862570309
05/13/2023,82.98735281022164
05/14/2023,82.99805699474018
05/15/2023,83.00876117925873
05/16/2023,83.01946536377727
05/17/2023,83.03016954829218
05/18/2023,83.04087373281072
05/19/2023,83.05157791732927
05/20/2023,83.06228210184781
05/21/2023,83.07298628636636
05/22/2023,83.0836904708849
05/23/2023,83.09439465540345
05/24/2023,83.105098839922
05/25/2023,83.11580302444054
05/26/2023,83.12650720895908
05/27/2023,83.13721139347763
05/28/2023,83.14791557799617
05/29/2023,83.15861976251108
05/30/2023,83.16932394702962
05/31/2023,83.18002813154817
06/01/2023,83.19073231606671
06/02/2023,83.20143650058526
06/03/2023,83.2121406851038
06/04/2023,83.22284486962235
06/05/2023,83.2335490541409
06/06/2023,83.24425323865944
06/07/2023,83.25495742317798
06/08/2023,83.26566160769653
06/09/2023,83.27636579221507
06/10/2023,83.28706997673362
06/11/2023,83.29777416124853
06/12/2023,83.30847834576707
06/13/2023,83.31918253028562
06/14/2023,83.32988671480416
06/15/2023,83.3405908993227
06/16/2023,83.35129508384125
06/17/2023,83.3619992683598
06/18/2023,83.37270345287834
06/19/2023,83.38340763739689
06/20/2023,83.39411182191543
06/21/2023,83.40481600643398
06/22/2023,83.41552019095252
06/23/2023,83.42622437546743
06/24/2023,83.43692855998597
06/25/2023,83.44763274450452
06/26/2023,83.45833692902306
06/27/2023,83.4690411135416
06/28/2023,83.47974529806015
06/29/2023,83.4904494825787
06/30/2023,83.50115366709724
07/01/2023,83.51185785161579
07/02/2023,83.52256203613433
07/03/2023,83.53326622065288
07/04/2023,83.54397040517142
07/05/2023,83.55467458968997
07/06/2023,83.56537877420487
07/07/2023,83.57608295872342
07/08/2023,83.58678714324196
07/09/2023,83.59749132776051
07/10/2023,83.60819551227905
07/11/2023,83.6188996967976
07/12/2023,83.62960388131614
07/13/2023,83.64030806583469
07/14/2023,83.65101225035323
07/15/2023,83.66171643487178
07/16/2023,83.67242061939032
07/17/2023,83.68312480390887
07/18/2023,83.69382898842741
07/19/2023,83.70453317294232
07/20/2023,83.71523735746086
07/21/2023,83.72594154197941
07/22/2023,83.73664572649795
07/23/2023,83.7473499110165
07/24/2023,83.75805409553504
07/25/2023,83.76875828005359
07/26/2023,83.77946246457213
07/27/2023,83.79016664909068
07/28/2023,83.80087083360922
07/29/2023,83.81157501812777
07/30/2023,83.82227920264631
07/31/2023,83.83298338716122
08/01/2023,83.84368757167977
08/02/2023,83.85439175619831
08/03/2023,83.86509594071686
08/04/2023,83.8758001252354
08/05/2023,83.88650430975395
08/06/2023,83.89720849427249
08/07/2023,83.90791267879104
08/08/2023,83.91861686330958
08/09/2023,83.92932104782813
08/10/2023,83.94002523234667
08/11/2023,83.95072941686522
08/12/2023,83.96143360138376
08/13/2023,83.97213778589867
08/14/2023,83.98284197041721
08/15/2023,83.99354615493576
08/16/2023,84.0042503394543
08/17/2023,84.01495452397285
08/18/2023,84.02565870849139
08/19/2023,84.03636289300994
08/20/2023,84.04706707752848
08/21/2023,84.05777126204703
08/22/2023,84.06847544656557
08/23/2023,84.07917963108412
08/24/2023,84.08988381560266
08/25/2023,84.1005880001212
08/26/2023,84.11129218463611
08/27/2023,84.12199636915466
08/28/2023,84.1327005536732
08/29/2023,84.14340473819175
08/30/2023,84.1541089227103
08/31/2023,84.16481310722884
09/01/2023,84.17551729174738
09/02/2023,84.18622147626593
09/03/2023,84.19692566078447
09/04/2023,84.20762984530302
09/05/2023,84.21833402982156
09/06/2023,84.22903821434011
09/07/2023,84.23974239885501
09/08/2023,84.25044658337356
09/09/2023,84.2611507678921
09/10/2023,84.27185495241065
09/11/2023,84.2825591369292
09/12/2023,84.29326332144774
09/13/2023,84.30396750596628
09/14/2023,84.31467169048483
09/15/2023,84.32537587500337
09/16/2023,84.33608005952192
09/17/2023,84.34678424404046
09/18/2023,84.35748842855901
09/19/2023,84.36819261307755
09/20/2023,84.37889679759246
09/21/2023,84.389600982111
09/22/2023,84.40030516662955
09/23/2023,84.4110093511481
09/24/2023,84.42171353566664
09/25/2023,84.43241772018519
09/26/2023,84.44312190470373
09/27/2023,84.45382608922228
09/28/2023,84.46453027374082
09/29/2023,84.47523445825937
09/30/2023,84.48593864277791
10/01/2023,84.49664282729645
10/02/2023,84.50734701181136
10/03/2023,84.5180511963299
10/04/2023,84.52875538084845
10/05/2023,84.539459565367
10/06/2023,84.55016374988554
10/07/2023,84.56086793440409
10/08/2023,84.57157211892263
10/09/2023,84.58227630344118
10/10/2023,84.59298048795972
10/11/2023,84.60368467247827
10/12/2023,84.61438885699681
10/13/2023,84.62509304151536
10/14/2023,84.6357972260339
10/15/2023,84.64650141054881
10/16/2023,84.65720559506735
10/17/2023,84.6679097795859
10/18/2023,84.67861396410444
10/19/2023,84.68931814862299
10/20/2023,84.70002233314153
10/21/2023,84.71072651766008
10/22/2023,84.72143070217862
10/23/2023,84.73213488669717
10/24/2023,84.74283907121571
10/25/2023,84.75354325573426
10/26/2023,84.7642474402528
10/27/2023,84.77495162477135
10/28/2023,84.78565580928625
10/29/2023,84.7963599938048
10/30/2023,84.80706417832334
10/31/2023,84.81776836284189
11/01/2023,84.82847254736043
11/02/2023,84.83917673187898
11/03/2023,84.84988091639752
11/04/2023,84.86058510091607
11/05/2023,84.87128928543461
11/06/2023,84.88199346995316
11/07/2023,84.8926976544717
11/08/2023,84.90340183899025
11/09/2023,84.91410602350516
11/10/2023,84.9248102080237
11/11/2023,84.93551439254225
11/12/2023,84.94621857706079
11/13/2023,84.95692276157934
11/14/2023,84.96762694609788
11/15/2023,84.97833113061643
11/16/2023,84.98903531513497
11/17/2023,84.99973949965351
11/18/2023,85.01044368417206
11/19/2023,85.0211478686906
11/20/2023,85.03185205320915
11/21/2023,85.0425562377277
11/22/2023,85.0532604222426
11/23/2023,85.06396460676115
11/24/2023,85.07466879127969
11/25/2023,85.08537297579824
11/26/2023,85.09607716031678
11/27/2023,85.10678134483533
11/28/2023,85.11748552935387
11/29/2023,85.12818971387242
11/30/2023,85.13889389839096
12/01/2023,85.1495980829095
12/02/2023,85.16030226742805
12/03/2023,85.1710064519466
12/04/2023,85.18171063646514
12/05/2023,85.19241482098005
12/06/2023,85.20311900549859
12/07/2023,85.21382319001714
12/08/2023,85.22452737453568
12/09/2023,85.23523155905423
12/10/2023,85.24593574357277
12/11/2023,85.25663992809132
12/12/2023,85.26734411260986
12/13/2023,85.27804829712841
12/14/2023,85.28875248164695
12/15/2023,85.2994566661655
12/16/2023,85.31016085068404
12/17/2023,85.32086503519895
12/18/2023,85.3315692197175
12/19/2023,85.34227340423604
12/20/2023,85.35297758875458
12/21/2023,85.36368177327313
12/22/2023,85.37438595779167
12/23/2023,85.38509014231022
12/24/2023,85.39579432682876
12/25/2023,85.40649851134731
12/26/2023,85.41720269586585
12/27/2023,85.4279068803844
12/28/2023,85.43861106490294
12/29/2023,85.44931524942149
12/30/2023,85.4600194339364
12/31/2023,85.47072361845494
01/01/2024,85.48142780297349
01/02/2024,85.49213198749203
01/03/2024,85.50283617201057
01/04/2024,85.51354035652912
01/05/2024,85.52424454104766
01/06/2024,85.53494872556621
01/07/2024,85.54565291008475
01/08/2024,85.5563570946033
01/09/2024,85.56706127912184
01/10/2024,85.57776546364039
01/11/2024,85.58846964815893
01/12/2024,85.59917383267384
01/13/2024,85.60987801719239
01/14/2024,85.62058220171093
01/15/2024,85.63128638622948
01/16/2024,85.64199057074802
01/17/2024,85.65269475526657
01/18/2024,85.66339893978511
01/19/2024,85.67410312430366
01/20/2024,85.6848073088222
01/21/2024,85.69551149334075
01/22/2024,85.70621567785929
01/23/2024,85.71691986237784
01/24/2024,85.72762404689274
01/25/2024,85.73832823141129
01/26/2024,85.74903241592983
01/27/2024,85.75973660044838
01/28/2024,85.77044078496692
01/29/2024,85.78114496948547
01/30/2024,85.79184915400401
01/31/2024,85.80255333852256
02/01/2024,85.8132575230411
02/02/2024,85.82396170755965
02/03/2024,85.83466589207819
02/04/2024,85.84537007659674
02/05/2024,85.85607426111528
02/06/2024,85.86677844563019
02/07/2024,85.87748263014873
02/08/2024,85.88818681466728
02/09/2024,85.89889099918582
02/10/2024,85.90959518370437
